entry,name,size_bytes,custom_closure
0x0800c158,FUN_0800c158,4,
0x0800c15c,FUN_0800c15c,630,
0x0800c3d4,FUN_0800c3d4,30,
0x0800c3f4,FUN_0800c3f4,34,
0x0800c418,FUN_0800c418,66,yes
0x0800c464,FUN_0800c464,8,
0x0800c46c,FUN_0800c46c,90,
0x0800c4d0,FUN_0800c4d0,412,
0x0800c6ac,FUN_0800c6ac,120,
0x0800c724,FUN_0800c724,360,
0x0800c892,FUN_0800c892,162,
0x0800c910,FUN_0800c910,122,yes
0x0800c98c,FUN_0800c98c,14,
0x0800c99c,FUN_0800c99c,16,yes
0x0800c9ac,FUN_0800c9ac,18,yes
0x0800c9c0,FUN_0800c9c0,18,
0x0800c9d4,FUN_0800c9d4,18,
0x0800c9fc,FUN_0800c9fc,18,
0x0800ca10,FUN_0800ca10,44,
0x0800ca40,FUN_0800ca40,78,
0x0800ca90,FUN_0800ca90,158,
0x0800cb30,FUN_0800cb30,56,
0x0800cb70,FUN_0800cb70,64,
0x0800cbb0,FUN_0800cbb0,306,
0x0800ccf8,FUN_0800ccf8,730,
0x0800cfd0,FUN_0800cfd0,220,yes
0x0800d0b0,FUN_0800d0b0,158,
0x0800d150,FUN_0800d150,50,
0x0800d180,FUN_0800d180,46,
0x0800d1b0,FUN_0800d1b0,52,
0x0800d1f0,FUN_0800d1f0,706,
0x0800d4d0,FUN_0800d4d0,2,
0x0800d4e0,FUN_0800d4e0,2,
0x0800d520,FUN_0800d520,120,
0x0800d5c0,FUN_0800d5c0,8,
0x0800d5d0,FUN_0800d5d0,72,
0x0800d620,FUN_0800d620,14,
0x0800d640,FUN_0800d640,22,
0x0800d660,FUN_0800d660,54,yes
0x0800d6a0,FUN_0800d6a0,36,yes
0x0800d730,FUN_0800d730,16,
0x0800d750,FUN_0800d750,28,yes
0x0800d770,FUN_0800d770,60,yes
0x0800d7a0,FUN_0800d7a0,60,yes
0x0800d7f0,FUN_0800d7f0,82,
0x0800d850,FUN_0800d850,34,
0x0800d900,FUN_0800d900,70,
0x0800d920,FUN_0800d920,70,
0x0800d940,FUN_0800d940,60,
0x0800d980,FUN_0800d980,90,
0x0800d9f0,FUN_0800d9f0,14,
0x0800da00,FUN_0800da00,16,
0x0800da10,FUN_0800da10,58,
0x0800da50,thunk_FUN_0800da10,6,
0x0800da60,FUN_0800da60,42,
0x0800da90,FUN_0800da90,18,
0x0800dab0,FUN_0800dab0,36,yes
0x0800dae0,FUN_0800dae0,22,
0x0800db00,FUN_0800db00,32,
0x0800db20,FUN_0800db20,8,
0x0800db30,FUN_0800db30,58,
0x0800db80,FUN_0800db80,50,
0x0800dbc0,FUN_0800dbc0,222,
0x0800dc10,FUN_0800dc10,16,
0x0800dc30,FUN_0800dc30,30,
0x0800dc60,FUN_0800dc60,10,
0x0800dc70,FUN_0800dc70,184,
0x0800dd30,FUN_0800dd30,12,
0x0800dd40,FUN_0800dd40,80,
0x0800dda0,FUN_0800dda0,30,
0x0800ddd0,FUN_0800ddd0,30,
0x0800ddf0,FUN_0800ddf0,20,
0x0800de10,FUN_0800de10,40,yes
0x0800de40,FUN_0800de40,42,
0x0800de70,FUN_0800de70,16,
0x0800de80,FUN_0800de80,50,
0x0800dec0,FUN_0800dec0,56,
0x0800df00,FUN_0800df00,30,
0x0800df20,FUN_0800df20,18,
0x0800df40,FUN_0800df40,56,
0x0800df80,FUN_0800df80,64,yes
0x0800dfc0,FUN_0800dfc0,98,
0x0800e030,FUN_0800e030,28,
0x0800e050,FUN_0800e050,26,
0x0800e070,FUN_0800e070,72,
0x0800e0c0,FUN_0800e0c0,54,
0x0800e100,FUN_0800e100,110,yes
0x0800e170,FUN_0800e170,22,
0x0800e1a0,FUN_0800e1a0,34,yes
0x0800e1d0,FUN_0800e1d0,12,
0x0800e1f0,FUN_0800e1f0,20,
0x0800e2a0,FUN_0800e2a0,66,
0x0800e380,FUN_0800e380,96,
0x0800e3d0,thunk_FUN_0800f5d0,4,
0x0800e3e0,FUN_0800e3e0,60,
0x0800e420,FUN_0800e420,24,
0x0800e440,FUN_0800e440,46,
0x0800e470,FUN_0800e470,70,
0x0800e4c0,FUN_0800e4c0,70,
0x0800e510,thunk_FUN_0800fd60,4,
0x0800e520,FUN_0800e520,14,
0x0800e530,thunk_FUN_08010640,4,
0x0800e540,FUN_0800e540,10,
0x0800e5d0,thunk_FUN_08010860,4,
0x0800e5e0,FUN_0800e5e0,60,
0x0800e620,FUN_0800e620,18,yes
0x0800e640,FUN_0800e640,38,
0x0800e670,FUN_0800e670,60,
0x0800e6b0,FUN_0800e6b0,2,
0x0800e6c0,thunk_FUN_080103c0,4,
0x0800e6d0,FUN_0800e6d0,16,
0x0800e6e0,FUN_0800e6e0,20,
0x0800e700,FUN_0800e700,18,
0x0800e720,thunk_FUN_0800fd90,4,
0x0800e730,FUN_0800e730,24,
0x0800e750,FUN_0800e750,18,
0x0800e770,FUN_0800e770,48,
0x0800e7a0,FUN_0800e7a0,788,
0x0800eac0,FUN_0800eac0,18,
0x0800eb90,FUN_0800eb90,18,
0x0800ec20,FUN_0800ec20,52,yes
0x0800ec60,FUN_0800ec60,34,
0x0800eca0,FUN_0800eca0,30,
0x0800ecde,FUN_0800ecde,20,
0x0800ed0e,FUN_0800ed0e,20,
0x0800ed3e,FUN_0800ed3e,20,
0x0800ed60,FUN_0800ed60,30,
0x0800ed9e,FUN_0800ed9e,20,
0x0800edce,FUN_0800edce,20,
0x0800edfe,FUN_0800edfe,20,
0x0800ee20,FUN_0800ee20,30,
0x0800ee5e,FUN_0800ee5e,20,
0x0800ee8e,FUN_0800ee8e,20,
0x0800eebe,FUN_0800eebe,20,
0x0800eee0,FUN_0800eee0,30,
0x0800ef1e,FUN_0800ef1e,20,
0x0800ef4e,FUN_0800ef4e,20,
0x0800ef7e,FUN_0800ef7e,20,
0x0800efa0,FUN_0800efa0,60,
0x0800f000,FUN_0800f000,132,
0x0800f090,FUN_0800f090,60,
0x0800f0e0,FUN_0800f0e0,100,
0x0800f150,FUN_0800f150,172,
0x0800f210,FUN_0800f210,18,
0x0800f370,FUN_0800f370,88,
0x0800f3d0,FUN_0800f3d0,70,
0x0800f420,FUN_0800f420,70,
0x0800f470,FUN_0800f470,90,
0x0800f4d0,FUN_0800f4d0,16,
0x0800f4f0,FUN_0800f4f0,16,
0x0800f510,FUN_0800f510,16,
0x0800f530,FUN_0800f530,16,
0x0800f550,FUN_0800f550,16,
0x0800f570,FUN_0800f570,16,
0x0800f590,FUN_0800f590,16,
0x0800f5b0,FUN_0800f5b0,16,
0x0800f5d0,FUN_0800f5d0,314,
0x0800f610,FUN_0800f610,148,
0x0800f6c0,FUN_0800f6c0,114,
0x0800f750,FUN_0800f750,12,
0x0800f790,FUN_0800f790,30,
0x0800f830,FUN_0800f830,54,
0x0800f870,FUN_0800f870,184,
0x0800f930,FUN_0800f930,420,
0x0800fae0,FUN_0800fae0,164,yes
0x0800fb94,FUN_0800fb94,216,
0x0800fc82,FUN_0800fc82,200,
0x0800fd60,FUN_0800fd60,30,
0x0800fd90,FUN_0800fd90,28,
0x0800fdc0,FUN_0800fdc0,102,
0x0800fe30,FUN_0800fe30,184,
0x0800fef0,FUN_0800fef0,24,
0x0800ff10,FUN_0800ff10,26,
0x0800ff30,FUN_0800ff30,26,
0x0800ff50,FUN_0800ff50,18,
0x0800ff70,FUN_0800ff70,58,
0x0800ffb0,FUN_0800ffb0,146,
0x08010050,FUN_08010050,76,
0x080100a0,FUN_080100a0,184,
0x08010160,FUN_08010160,296,
0x08010250,FUN_08010250,20,
0x08010270,FUN_08010270,42,
0x080102a0,FUN_080102a0,20,
0x080102c0,FUN_080102c0,20,
0x080102e0,FUN_080102e0,20,
0x08010300,FUN_08010300,20,
0x08010344,FUN_08010344,112,
0x080103c0,FUN_080103c0,72,
0x08010430,FUN_08010430,174,
0x08010500,FUN_08010500,8,
0x08010508,FUN_08010508,62,
0x08010560,FUN_08010560,16,
0x08010570,FUN_08010570,140,
0x08010600,FUN_08010600,16,
0x08010620,FUN_08010620,16,
0x08010640,FUN_08010640,28,
0x080106c0,FUN_080106c0,248,
0x080107c0,FUN_080107c0,16,
0x080107e0,FUN_080107e0,16,
0x08010800,FUN_08010800,16,
0x08010820,FUN_08010820,16,
0x08010840,FUN_08010840,16,
0x08010860,FUN_08010860,94,
0x08010900,FUN_08010900,226,yes
0x08010a10,FUN_08010a10,130,
0x08010ab0,FUN_08010ab0,24,yes
0x08010ad0,thunk_FUN_0800f150,4,
0x08010ae0,FUN_08010ae0,2,
0x08010af0,FUN_08010af0,64,
0x08010b40,FUN_08010b40,174,
0x08010c00,FUN_08010c00,174,
0x08010cd0,FUN_08010cd0,6,
0x08010ce0,FUN_08010ce0,88,
0x08010d60,FUN_08010d60,24,
0x08010d80,FUN_08010d80,180,
0x08010e60,FUN_08010e60,88,
0x08010ed0,FUN_08010ed0,120,
0x08010f60,FUN_08010f60,40,
0x08010f90,FUN_08010f90,44,
0x08010fc0,FUN_08010fc0,46,
0x08010ff0,FUN_08010ff0,64,
0x08011040,FUN_08011040,24,
0x08011060,FUN_08011060,24,
0x08011080,FUN_08011080,44,
0x080110b0,FUN_080110b0,44,
0x080110e0,FUN_080110e0,38,
0x08011110,FUN_08011110,18,
0x08011130,FUN_08011130,136,
0x080111d0,FUN_080111d0,26,
0x080111f0,FUN_080111f0,18,
0x08011210,FUN_08011210,34,
0x08011240,FUN_08011240,34,
0x08011270,FUN_08011270,32,
0x08011290,FUN_08011290,20,
0x080112b0,FUN_080112b0,168,
0x08011310,FUN_08011310,6,
0x08011320,FUN_08011320,44,
0x08011350,FUN_08011350,58,
0x08011390,FUN_08011390,26,
0x080113b0,FUN_080113b0,12,
0x080113c0,FUN_080113c0,484,
0x080115b0,FUN_080115b0,198,
0x08011690,FUN_08011690,200,
0x08011760,FUN_08011760,72,
0x080117b0,FUN_080117b0,34,
0x080117e0,FUN_080117e0,52,
0x08011820,FUN_08011820,346,
0x08011a00,FUN_08011a00,112,
0x08011a80,FUN_08011a80,40,
0x08011ab0,FUN_08011ab0,70,
0x08011b10,FUN_08011b10,270,
0x08011c40,FUN_08011c40,1102,
0x080120b0,FUN_080120b0,118,
0x08012130,FUN_08012130,118,
0x080121b0,FUN_080121b0,128,
0x08012260,FUN_08012260,466,
0x08012490,FUN_08012490,26,
0x080124c0,FUN_080124c0,82,
0x08012530,FUN_08012530,192,
0x08012620,FUN_08012620,82,
0x08012690,FUN_08012690,6,
0x080126a0,FUN_080126a0,64,
0x080126f0,FUN_080126f0,1278,
0x08012d40,FUN_08012d40,62,
0x08012da0,FUN_08012da0,14,
0x08012dc0,FUN_08012dc0,186,
0x08012ea0,FUN_08012ea0,6,
0x08012eb0,FUN_08012eb0,8,
0x08012ed0,FUN_08012ed0,32,
0x08012f00,FUN_08012f00,6,yes
0x08012f10,FUN_08012f10,14,
0x08012f30,FUN_08012f30,8,yes
0x08012f40,FUN_08012f40,8,yes
0x08012f50,FUN_08012f50,28,
0x08012f80,FUN_08012f80,28,
0x08012fb0,FUN_08012fb0,22,yes
0x08012fd0,FUN_08012fd0,14,
0x08013010,FUN_08013010,26,
0x08013490,FUN_08013490,74,
0x08013500,FUN_08013500,250,
0x08013610,FUN_08013610,24,
0x08013630,FUN_08013630,8,
0x08013650,FUN_08013650,26,
0x08013680,FUN_08013680,6,
0x08013690,FUN_08013690,10,
0x080136a0,FUN_080136a0,174,
0x08013760,FUN_08013760,44,
0x080137a0,FUN_080137a0,394,
0x08013950,FUN_08013950,240,
0x08013a60,FUN_08013a60,10,
0x08013a70,FUN_08013a70,888,
0x08013e50,FUN_08013e50,34,
0x08013e90,FUN_08013e90,148,
0x08013f40,FUN_08013f40,2916,
0x08014c20,FUN_08014c20,62,
0x08014c60,FUN_08014c60,48,
0x08014ca0,FUN_08014ca0,78,
0x08014d00,FUN_08014d00,42,
0x08014d30,FUN_08014d30,24,
0x08014d50,FUN_08014d50,40,
0x08014d80,FUN_08014d80,26,
0x08014da0,FUN_08014da0,72,
0x08014df0,FUN_08014df0,70,
0x08014e50,FUN_08014e50,70,
0x08014eb0,FUN_08014eb0,122,
0x08014f50,FUN_08014f50,138,
0x08014fe0,FUN_08014fe0,232,
0x080150f0,FUN_080150f0,24,
0x08015110,FUN_08015110,24,
0x08015130,FUN_08015130,58,
0x08015180,FUN_08015180,344,
0x080152e0,FUN_080152e0,16,
0x08015300,FUN_08015300,20,
0x08015320,FUN_08015320,50,
0x08015710,FUN_08015710,134,
0x080157a0,FUN_080157a0,98,
0x08015820,FUN_08015820,14,
0x08015840,FUN_08015840,32,
0x08015870,FUN_08015870,142,
0x08015910,FUN_08015910,354,
0x08015a80,FUN_08015a80,8628,yes
0x080182a0,FUN_080182a0,60,
0x080182f0,FUN_080182f0,134,
0x08018380,FUN_08018380,40,
0x080183b0,FUN_080183b0,84,yes
0x08018410,FUN_08018410,410,
0x080185d0,FUN_080185d0,112,
0x08018640,FUN_08018640,230,
0x08018730,FUN_08018730,134,
0x080187c0,FUN_080187c0,248,
0x080188c0,FUN_080188c0,910,
0x08018c70,FUN_08018c70,754,
0x08018fa0,FUN_08018fa0,226,
0x080190b0,FUN_080190b0,964,
0x080194b0,FUN_080194b0,666,
0x08019760,FUN_08019760,1156,
0x08019c40,FUN_08019c40,554,
0x08019e80,FUN_08019e80,114,yes
0x08019f00,FUN_08019f00,46,yes
0x08019f30,FUN_08019f30,38,
0x08019f60,FUN_08019f60,74,yes
0x08019fd0,FUN_08019fd0,304,
0x0801a120,FUN_0801a120,196,yes
0x0801a200,FUN_0801a200,12,
0x0801a210,FUN_0801a210,98,
0x0801ab10,FUN_0801ab10,52,
0x0801ab60,FUN_0801ab60,12,
0x0801ab70,FUN_0801ab70,12,
0x0801ab80,FUN_0801ab80,82,yes
0x0801abe0,FUN_0801abe0,56,
0x0801ac20,FUN_0801ac20,6,
0x0801ac30,FUN_0801ac30,30,
0x0801ac60,FUN_0801ac60,54,
0x0801acb0,FUN_0801acb0,54,
0x0801ad00,FUN_0801ad00,308,
0x0801ae70,FUN_0801ae70,9884,yes
0x0801d8a0,FUN_0801d8a0,98,
0x0801d910,FUN_0801d910,68,
0x0801d960,FUN_0801d960,34,
0x0801d990,FUN_0801d990,66,
0x0801d9e0,FUN_0801d9e0,62,
0x0801da30,FUN_0801da30,96,
0x0801dac0,FUN_0801dac0,22,
0x0801daf0,FUN_0801daf0,14,
0x0801db10,FUN_0801db10,6,
0x0801db20,FUN_0801db20,8,
0x0801db30,FUN_0801db30,6,
0x0801db40,FUN_0801db40,14,
0x0801db60,FUN_0801db60,74,yes
0x0801dbc0,FUN_0801dbc0,72,yes
0x0801dc10,FUN_0801dc10,20,
0x0801dc36,FUN_0801dc36,38,
0x0801dc70,FUN_0801dc70,318,yes
0x0801dde0,FUN_0801dde0,8,
0x0801dde8,FUN_0801dde8,74,
0x0801de40,FUN_0801de40,226,
0x0801df90,FUN_0801df90,86,
0x0801e020,FUN_0801e020,86,
0x0801e0b0,FUN_0801e0b0,8,
0x0801e0b8,FUN_0801e0b8,102,
0x0801e140,thunk_FUN_0801dde0,4,
0x0801e150,FUN_0801e150,6,
0x0801e160,FUN_0801e160,8,
0x0801e168,FUN_0801e168,92,
0x0801e1d0,FUN_0801e1d0,338,
0x0801e350,FUN_0801e350,96,
0x0801e3c0,FUN_0801e3c0,74,
0x0801e410,FUN_0801e410,80,
0x0801e470,FUN_0801e470,80,
0x0801e4d0,FUN_0801e4d0,16,
0x0801e4f0,FUN_0801e4f0,6,
0x0801e500,FUN_0801e500,8,
0x0801e510,FUN_0801e510,80,
0x0801e570,FUN_0801e570,18,
0x0801e590,FUN_0801e590,18,
0x0801e5b0,FUN_0801e5b0,64,
0x0801e600,FUN_0801e600,18,
0x0801e620,FUN_0801e620,64,
0x0801e670,FUN_0801e670,14,
0x0801e690,FUN_0801e690,46,
0x0801e6d0,FUN_0801e6d0,38,
0x0801e700,FUN_0801e700,44,
0x0801e730,FUN_0801e730,32,
0x0801e750,FUN_0801e750,64,
0x0801e7a0,FUN_0801e7a0,1070,yes
0x0801f790,FUN_0801f790,8,
0x0801f7a0,FUN_0801f7a0,8,
0x0801f7b0,FUN_0801f7b0,8,
0x0801f7c0,FUN_0801f7c0,8,
0x0801f7d0,FUN_0801f7d0,8,
0x0801f7e0,FUN_0801f7e0,8,
0x0801f7f0,FUN_0801f7f0,8,
0x0801f800,FUN_0801f800,8,
0x0801f810,FUN_0801f810,8,
0x0801f820,FUN_0801f820,42,
0x0801f860,FUN_0801f860,8,
0x0801f870,FUN_0801f870,8,
0x0801f880,FUN_0801f880,6,
0x0801f890,FUN_0801f890,26,
0x0801f8c0,FUN_0801f8c0,16,
0x0801f8e0,FUN_0801f8e0,8,
0x0801f8f0,FUN_0801f8f0,8,
0x0801f900,FUN_0801f900,82,
0x0801f960,FUN_0801f960,270,
0x0801fa80,FUN_0801fa80,440,
0x0801fc90,FUN_0801fc90,82,
0x0801fcf0,FUN_0801fcf0,108,
0x0801fd60,FUN_0801fd60,6,
0x0801fd70,FUN_0801fd70,6,
0x0801fd80,FUN_0801fd80,8,
0x0801fd90,FUN_0801fd90,6,
0x0801fda0,FUN_0801fda0,8,
0x0801fdb0,FUN_0801fdb0,8,
0x0801fdc0,FUN_0801fdc0,8,
0x0801fdd0,FUN_0801fdd0,8,
0x0801fde0,FUN_0801fde0,6,
0x0801fdf0,FUN_0801fdf0,6,
0x0801fe00,FUN_0801fe00,6,
0x0801fe10,FUN_0801fe10,6,
0x0801fe20,FUN_0801fe20,6,
0x0801fe30,FUN_0801fe30,8,
0x0801fe40,FUN_0801fe40,8,
0x0801fe50,FUN_0801fe50,4,
0x0801fe60,FUN_0801fe60,14,
0x0801fe80,FUN_0801fe80,8,
0x0801fe90,FUN_0801fe90,8,
0x0801fea0,FUN_0801fea0,174,
0x0801ff90,FUN_0801ff90,216,
0x08020080,FUN_08020080,120,
0x08020110,FUN_08020110,134,
0x080201c0,FUN_080201c0,136,
0x08020270,FUN_08020270,68,
0x080202e0,FUN_080202e0,56,
0x08020340,FUN_08020340,12,
0x08020350,FUN_08020350,24,
0x08020440,FUN_08020440,118,
0x080204d0,FUN_080204d0,26,
0x080204f0,FUN_080204f0,908,
0x08020900,FUN_08020900,32,
0x08020930,FUN_08020930,140,
0x080209e0,FUN_080209e0,92,
0x08020a60,FUN_08020a60,6,
0x08020ad0,FUN_08020ad0,86,
0x08020bd0,FUN_08020bd0,166,
0x08020c90,FUN_08020c90,90,
0x08020ca0,FUN_08020ca0,148,
0x08020cb0,FUN_08020cb0,16,
0x08020cd0,FUN_08020cd0,26,
0x08020d00,FUN_08020d00,32,
0x08020d30,FUN_08020d30,50,
0x08020d70,FUN_08020d70,50,
0x08020db0,FUN_08020db0,140,
0x08020e60,FUN_08020e60,34,yes
0x08020e90,FUN_08020e90,182,
0x08020f70,FUN_08020f70,130,
0x08021000,FUN_08021000,690,
0x08021470,FUN_08021470,18,yes
0x08021490,FUN_08021490,352,
0x08021650,FUN_08021650,2,
0x08021660,FUN_08021660,54,
0x080216b0,FUN_080216b0,8,
0x080216c0,FUN_080216c0,4,
0x080216d0,FUN_080216d0,52,
0x08021700,FUN_08021700,10,
0x08021710,FUN_08021710,10,
0x08021720,FUN_08021720,10,
0x08021730,FUN_08021730,8,
0x08021740,FUN_08021740,104,
0x080218a0,FUN_080218a0,10,
0x080218b0,FUN_080218b0,30,
0x080218e0,FUN_080218e0,22,
0x08021910,FUN_08021910,8,
0x08021920,FUN_08021920,8,
0x08021930,FUN_08021930,8,
0x08021940,FUN_08021940,26,
0x08021960,FUN_08021960,38,
0x08021990,FUN_08021990,38,
0x080219c0,FUN_080219c0,22,
0x080219e0,FUN_080219e0,98,
0x08021a60,FUN_08021a60,86,
0x08021ad0,FUN_08021ad0,138,
0x08021b70,FUN_08021b70,8,
0x08021b80,FUN_08021b80,8,
0x08021b90,FUN_08021b90,8,
0x08021ba0,FUN_08021ba0,8,
0x08021bb0,FUN_08021bb0,8,
0x08021bd0,FUN_08021bd0,8,
0x08021be0,FUN_08021be0,90,
0x08021c50,FUN_08021c50,68,
0x08021ca0,FUN_08021ca0,14,
0x08021cc0,FUN_08021cc0,48,
0x08021cf0,FUN_08021cf0,72,
0x08021d40,FUN_08021d40,216,
0x08021e10,FUN_08021e10,28,
0x08021e30,FUN_08021e30,62,
0x08021e80,FUN_08021e80,196,
0x08021f50,FUN_08021f50,46,
0x08021f90,FUN_08021f90,80,
0x08021fc0,FUN_08021fc0,46,
0x08022000,FUN_08022000,124,
0x08022090,FUN_08022090,1698,
0x08022950,FUN_08022950,376,
0x08022a80,FUN_08022a80,164,
0x08022b40,FUN_08022b40,24,
0x08022b60,FUN_08022b60,24,
0x08022b80,FUN_08022b80,24,
0x08022ba0,FUN_08022ba0,76,
0x08022bd0,FUN_08022bd0,76,
0x08022c00,FUN_08022c00,46,
0x08022c40,FUN_08022c40,46,
0x08022c80,FUN_08022c80,38,
0x08022cb0,FUN_08022cb0,8,yes
0x08022cc0,FUN_08022cc0,86,
0x08022d20,FUN_08022d20,344,
0x08022eb0,FUN_08022eb0,60,
0x08022ed0,FUN_08022ed0,60,
0x08022f00,FUN_08022f00,38,
0x08022f30,FUN_08022f30,32,
0x08022f60,FUN_08022f60,66,
0x08022fb0,FUN_08022fb0,26,
0x08022fd0,FUN_08022fd0,36,
0x08023000,FUN_08023000,26,
0x08023020,FUN_08023020,36,
0x08023050,FUN_08023050,8,
0x08023060,FUN_08023060,124,
0x080230e0,FUN_080230e0,102,
0x08023150,FUN_08023150,8,
0x08023160,FUN_08023160,62,
0x080231c0,FUN_080231c0,8,
0x080231d0,FUN_080231d0,8,
0x080231e0,FUN_080231e0,288,
0x08023340,FUN_08023340,94,
0x080233c0,FUN_080233c0,30,
0x080233f0,thunk_FUN_080233c0,4,
0x08023400,FUN_08023400,76,
0x08023460,FUN_08023460,76,
0x080234c0,FUN_080234c0,794,
0x08023820,FUN_08023820,130,
0x080238b0,FUN_080238b0,346,
0x08023a20,FUN_08023a20,18,yes
0x08023a40,FUN_08023a40,6,yes
0x08023a50,FUN_08023a50,8,
0x08023a60,FUN_08023a60,16,
0x08023a80,thunk_FUN_08023a60,4,
0x08023a90,FUN_08023a90,108,
0x08023b00,FUN_08023b00,112,
0x08023b30,FUN_08023b30,98,
0x08023ba0,FUN_08023ba0,122,
0x08023c30,FUN_08023c30,38,
0x08023c60,FUN_08023c60,44,
0x08023c90,FUN_08023c90,96,
0x08023cb0,FUN_08023cb0,38,
0x08023ce0,FUN_08023ce0,132,
0x08023d20,FUN_08023d20,92,
0x08023d50,FUN_08023d50,48,
0x08023d90,FUN_08023d90,112,
0x08023e00,FUN_08023e00,34,
0x08023e30,FUN_08023e30,920,yes
0x08024640,FUN_08024640,870,
0x08024660,FUN_08024660,26,
0x08024680,FUN_08024680,8,
0x08024690,FUN_08024690,26,
0x080246b0,FUN_080246b0,8,
0x080246c0,FUN_080246c0,26,
0x080246e0,FUN_080246e0,8,
0x080246f0,FUN_080246f0,26,
0x08024710,FUN_08024710,8,
0x08024720,FUN_08024720,26,
0x08024740,FUN_08024740,8,
0x08024750,FUN_08024750,30,
0x08024780,FUN_08024780,36,
0x080247b0,FUN_080247b0,42,
0x080247e0,FUN_080247e0,1968,
0x08024fd0,FUN_08024fd0,444,
0x080251c0,FUN_080251c0,264,
0x080252e0,FUN_080252e0,10,
0x080252f0,FUN_080252f0,170,
0x080253e0,FUN_080253e0,14,
0x08025400,FUN_08025400,974,
0x08025850,FUN_08025850,958,
0x08025c50,FUN_08025c50,820,
0x08025fd0,FUN_08025fd0,712,
0x080262d0,FUN_080262d0,130,
0x08026360,FUN_08026360,1606,
0x08026a00,FUN_08026a00,104,
0x08026a90,FUN_08026a90,128,
0x08026b30,FUN_08026b30,6,
0x08026b40,FUN_08026b40,132,
0x08026bd0,FUN_08026bd0,6,
0x08026bf0,FUN_08026bf0,14,
0x08026c10,FUN_08026c10,22,
0x08026c30,FUN_08026c30,74,
0x08026c90,FUN_08026c90,22,
0x08026cb0,FUN_08026cb0,42,
0x08026ce0,FUN_08026ce0,42,
0x08026d10,FUN_08026d10,42,
0x08026d40,FUN_08026d40,132,
0x08026dd0,FUN_08026dd0,134,
0x08026e60,FUN_08026e60,34,
0x08026e90,FUN_08026e90,110,
0x08026f30,FUN_08026f30,278,
0x08027070,FUN_08027070,142,
0x08027130,FUN_08027130,44,
0x08027160,FUN_08027160,32,
0x08027190,FUN_08027190,32,
0x080271c0,FUN_080271c0,34,
0x080271f0,FUN_080271f0,8,
0x08027200,FUN_08027200,8,
0x08027230,FUN_08027230,8,
0x08027260,FUN_08027260,46,yes
0x080272a0,FUN_080272a0,46,yes
0x080272e0,FUN_080272e0,8,yes
0x080272f0,FUN_080272f0,8,yes
0x08027300,FUN_08027300,8,yes
0x08027310,FUN_08027310,6,yes
0x08027320,FUN_08027320,16,
0x08027340,FUN_08027340,16,
0x08027360,FUN_08027360,16,
0x08027400,FUN_08027400,16,
0x08027420,FUN_08027420,8,
0x08027430,FUN_08027430,8,
0x08027440,FUN_08027440,8,yes
0x08027450,FUN_08027450,8,yes
0x08027470,FUN_08027470,18,
0x080274b0,FUN_080274b0,38,
0x080274e0,FUN_080274e0,38,
0x08027510,FUN_08027510,38,
0x08027540,FUN_08027540,8,yes
0x08027550,FUN_08027550,8,yes
0x08027560,FUN_08027560,1480,
0x08027ba0,FUN_08027ba0,400,
0x08027d50,FUN_08027d50,830,
0x080280c0,FUN_080280c0,114,
0x08028140,FUN_08028140,272,
0x08028260,FUN_08028260,608,
0x080284e0,FUN_080284e0,866,
0x08028870,FUN_08028870,1380,
0x08028e90,FUN_08028e90,374,
0x08029080,FUN_08029080,6974,
0x080290c0,FUN_080290c0,546,
0x0802aef0,FUN_0802aef0,336,
0x0802b060,FUN_0802b060,94,
0x0802b0d0,FUN_0802b0d0,180,
0x0802b1a0,FUN_0802b1a0,800,
0x0802b570,FUN_0802b570,98,
0x0802b620,FUN_0802b620,30,
0x0802b650,FUN_0802b650,82,
0x0802b6c0,FUN_0802b6c0,706,
0x0802b9f0,FUN_0802b9f0,40,
0x0802ba20,FUN_0802ba20,58,
0x0802ba70,FUN_0802ba70,8,
0x0802ba80,FUN_0802ba80,38,
0x0802bac0,FUN_0802bac0,48,
0x0802bb00,FUN_0802bb00,14,
0x0802bb20,FUN_0802bb20,8,
0x0802bb30,FUN_0802bb30,8,
0x0802bb50,FUN_0802bb50,2160,
0x0802c3e0,FUN_0802c3e0,1994,
0x0802cbc0,FUN_0802cbc0,2250,
0x0802d4a0,FUN_0802d4a0,2208,
0x0802dd60,FUN_0802dd60,880,
0x0802e1e0,FUN_0802e1e0,782,
0x0802e5b0,FUN_0802e5b0,52,
0x0802e5f0,FUN_0802e5f0,6,
0x0802e600,FUN_0802e600,24,
0x0802e620,FUN_0802e620,36,
0x0802e650,FUN_0802e650,70,
0x0802e6a0,FUN_0802e6a0,112,
0x0802e720,FUN_0802e720,98,
0x0802e790,FUN_0802e790,120,
0x0802e810,FUN_0802e810,80,
0x0802e870,FUN_0802e870,42,
0x0802e8d0,FUN_0802e8d0,184,
0x0802e990,FUN_0802e990,126,
0x0802ea70,FUN_0802ea70,342,
0x0802ec10,FUN_0802ec10,160,
0x0802ecc0,FUN_0802ecc0,72,
0x0802f0d0,FUN_0802f0d0,8,
0x0802f0e0,FUN_0802f0e0,16,
0x0802f100,FUN_0802f100,80,
0x0802f160,FUN_0802f160,36,
0x0802f190,FUN_0802f190,80,
0x0802f1f0,FUN_0802f1f0,50,
0x0802f230,FUN_0802f230,6,
0x0802f240,FUN_0802f240,6,
0x0802f250,FUN_0802f250,34,
0x0802f280,FUN_0802f280,24,
0x0802f310,FUN_0802f310,558,
0x0802f560,FUN_0802f560,188,
0x0802f650,FUN_0802f650,46,
0x0802f6a0,FUN_0802f6a0,260,
0x0802f7d0,FUN_0802f7d0,490,
0x0802f9d0,FUN_0802f9d0,336,
0x0802fb30,FUN_0802fb30,224,
0x0802fc30,FUN_0802fc30,58,
0x0802fc80,FUN_0802fc80,4,
0x0802fc90,FUN_0802fc90,94,
0x0802fcf0,FUN_0802fcf0,112,
0x0802fd80,FUN_0802fd80,36,
0x0802fdb0,FUN_0802fdb0,700,yes
0x08030150,FUN_08030150,20,
0x08030170,FUN_08030170,56,yes
0x080301d0,FUN_080301d0,8,
0x080301e0,FUN_080301e0,32,
0x08030210,FUN_08030210,8,
0x08030220,FUN_08030220,32,
0x08030250,FUN_08030250,8,
0x08030260,FUN_08030260,20,
0x08030280,FUN_08030280,30,
0x080302b0,FUN_080302b0,24,yes
0x08030310,FUN_08030310,1034,
0x08030790,FUN_08030790,8202,yes
0x08032b90,FUN_08032b90,16,yes
0x08032bb0,FUN_08032bb0,960,yes
0x08033030,FUN_08033030,1672,
0x08033770,FUN_08033770,24,
0x08033790,FUN_08033790,16,
0x080337b0,FUN_080337b0,62,yes
0x08033820,FUN_08033820,434,yes
0x08033a40,FUN_08033a40,2424,yes
0x08034530,FUN_08034530,6,
0x08034540,FUN_08034540,232,
0x08034650,FUN_08034650,78,yes
0x080346d0,FUN_080346d0,92,
0x08034760,FUN_08034760,58,
0x080347d0,FUN_080347d0,92,
0x08034850,FUN_08034850,6,
0x08034860,FUN_08034860,22,
0x08034890,FUN_08034890,6,
0x080348a0,FUN_080348a0,30,
0x080348d0,FUN_080348d0,14,
0x080348f0,FUN_080348f0,14,
0x08034930,FUN_08034930,26,
0x08034950,FUN_08034950,22,
0x08034970,FUN_08034970,6,
0x08034980,FUN_08034980,6,
0x08034990,FUN_08034990,88,yes
0x08034a00,FUN_08034a00,72,
0x08034a50,FUN_08034a50,182,
0x08034b30,FUN_08034b30,8,
0x08034b40,FUN_08034b40,18,
0x08034b60,FUN_08034b60,8,
0x08034b70,FUN_08034b70,8,
0x08034b80,FUN_08034b80,8,
0x08034b90,FUN_08034b90,8,
0x08034ba0,FUN_08034ba0,8,
0x08034bb0,FUN_08034bb0,6,
0x08034bc0,FUN_08034bc0,16,
0x08034be0,FUN_08034be0,8,
0x08034bf0,FUN_08034bf0,8,
0x08034c00,FUN_08034c00,8,
0x08034c10,FUN_08034c10,8,
0x08034c20,FUN_08034c20,22,
0x08034c40,FUN_08034c40,20,
0x08034c60,FUN_08034c60,14,
0x08034c80,FUN_08034c80,6,
0x08034c90,FUN_08034c90,8,
0x08034ca0,FUN_08034ca0,14,
0x08034cc0,FUN_08034cc0,8,
0x08034cd0,FUN_08034cd0,12,
0x08034ce0,FUN_08034ce0,8,
0x08034cf0,FUN_08034cf0,16,
0x08034d10,FUN_08034d10,8,
0x08034d20,FUN_08034d20,8,
0x08034d30,FUN_08034d30,6,yes
0x08034d40,FUN_08034d40,8,
0x08034d50,FUN_08034d50,16,
0x08034d70,FUN_08034d70,16,
0x08034d90,FUN_08034d90,16,
0x08034db0,FUN_08034db0,24,
0x08034dd0,FUN_08034dd0,30,
0x08034e00,FUN_08034e00,14,yes
0x08034e20,FUN_08034e20,56,
0x08034e60,FUN_08034e60,54,
0x08034eb0,FUN_08034eb0,64,
0x08034f00,FUN_08034f00,82,
0x08034f70,FUN_08034f70,88,
0x08034fe0,FUN_08034fe0,106,
0x08035060,FUN_08035060,40,
0x08035090,FUN_08035090,16,
0x080350b0,FUN_080350b0,6,yes
0x080350c0,FUN_080350c0,6,
0x080350d0,FUN_080350d0,6,
0x080350e0,FUN_080350e0,42,
0x08035120,FUN_08035120,458,
0x08035320,FUN_08035320,82,
0x08035390,FUN_08035390,6,
0x080353a0,FUN_080353a0,8,
0x080353b0,FUN_080353b0,634,
0x080355c0,FUN_080355c0,34,
0x080355f0,FUN_080355f0,110,
0x08035680,FUN_08035680,6,
0x08035690,FUN_08035690,280,
0x080357d0,FUN_080357d0,164,
0x080358a0,FUN_080358a0,412,
0x08035a80,FUN_08035a80,8,
0x08035a90,FUN_08035a90,16,
0x08035ab0,FUN_08035ab0,16,
0x08035ad0,FUN_08035ad0,8,
0x08035ae0,FUN_08035ae0,200,
0x08035bc0,FUN_08035bc0,28,
0x08035bf4,FUN_08035bf4,194,
0x08035cf0,FUN_08035cf0,222,
0x08035e20,FUN_08035e20,74,
0x08035f00,FUN_08035f00,722,yes
0x08036230,FUN_08036230,118,yes
0x08036300,FUN_08036300,116,
0x08036380,FUN_08036380,6,
0x08036390,FUN_08036390,6,
0x080363a0,FUN_080363a0,6,
0x080363b0,FUN_080363b0,6,
0x080363c0,FUN_080363c0,6,
0x08036400,FUN_08036400,130,
0x080364a0,FUN_080364a0,1076,yes
0x080369b0,FUN_080369b0,54,
0x08036a00,FUN_08036a00,28,
0x08036a30,FUN_08036a30,48,
0x08036a70,FUN_08036a70,28,
0x08036aa0,FUN_08036aa0,230,
0x08036b90,FUN_08036b90,904,
0x08036f80,FUN_08036f80,226,
0x080370a0,FUN_080370a0,886,
0x08037490,FUN_08037490,48,
0x080374d0,FUN_080374d0,28,
0x08037500,FUN_08037500,186,yes
0x080375f0,FUN_080375f0,978,
0x08037a40,FUN_08037a40,28,
0x08037a70,FUN_08037a70,48,
0x08037ab0,FUN_08037ab0,102,
0x08037b40,FUN_08037b40,28,
0x08037b70,FUN_08037b70,166,
0x08037c40,FUN_08037c40,112,
0x08037cd6,FUN_08037cd6,92,
0x08037d50,FUN_08037d50,240,
0x08037ef0,FUN_08037ef0,48,
0x08037f30,FUN_08037f30,148,
0x08038010,FUN_08038010,2122,
0x08038a30,FUN_08038a30,582,yes
0x08038d00,FUN_08038d00,666,yes
0x08038fe0,FUN_08038fe0,1434,yes
0x080396d8,FUN_080396d8,60,yes
0x08039740,FUN_08039740,102,
0x08039760,FUN_08039760,10,
0x08039780,FUN_08039780,118,yes
0x08039850,FUN_08039850,6,
0x08039860,FUN_08039860,6,
0x08039870,FUN_08039870,42,
0x080398b0,FUN_080398b0,86,
0x08039970,FUN_08039970,42,
0x080399b0,FUN_080399b0,192,
0x08039a90,FUN_08039a90,46,
0x08039af0,FUN_08039af0,50,
0x08039b30,FUN_08039b30,84,
0x08039b90,FUN_08039b90,98,
0x08039c00,FUN_08039c00,88,
0x08039c40,FUN_08039c40,228,
0x08039d50,FUN_08039d50,78,
0x08039db0,FUN_08039db0,174,
0x08039e60,FUN_08039e60,94,
0x08039ec0,FUN_08039ec0,136,
0x08039f50,FUN_08039f50,46,
0x08039f80,FUN_08039f80,80,
0x08039fd0,FUN_08039fd0,92,
0x0803a030,FUN_0803a030,86,
0x0803a090,FUN_0803a090,210,
0x0803a170,FUN_0803a170,64,
0x0803a1b0,FUN_0803a1b0,66,
0x0803a200,FUN_0803a200,188,
0x0803a2c0,FUN_0803a2c0,216,
0x0803a3a0,FUN_0803a3a0,110,
0x0803a410,FUN_0803a410,208,
0x0803a4e0,FUN_0803a4e0,220,
0x0803a5c0,FUN_0803a5c0,48,
0x0803a5f0,FUN_0803a5f0,34,
0x0803a620,FUN_0803a620,58,
0x0803a660,FUN_0803a660,336,
0x0803a7b0,FUN_0803a7b0,120,
0x0803a830,FUN_0803a830,118,
0x0803a8b0,FUN_0803a8b0,186,
0x0803a970,FUN_0803a970,832,
0x0803acd0,FUN_0803acd0,468,
0x0803aeb0,FUN_0803aeb0,112,
0x0803af40,FUN_0803af40,32,
0x0803af70,FUN_0803af70,36,
0x0803b350,FUN_0803b350,952,
0x0803b370,FUN_0803b370,34,
0x0803b3a0,FUN_0803b3a0,28,
0x0803b3c0,FUN_0803b3c0,186,
0x0803b480,FUN_0803b480,944,
0x0803b830,FUN_0803b830,14,
0x0803b850,FUN_0803b850,34,
0x0803b880,FUN_0803b880,14,yes
0x0803b8a0,FUN_0803b8a0,86,
0x0803b8d0,FUN_0803b8d0,128,
0x0803b960,FUN_0803b960,12,
0x0803b970,FUN_0803b970,76,
0x0803b9d0,FUN_0803b9d0,24,
0x0803b9f0,FUN_0803b9f0,36,
0x0803ba20,FUN_0803ba20,4,
0x0803ba30,FUN_0803ba30,18,
0x0803ba50,FUN_0803ba50,88,
0x0803bab0,FUN_0803bab0,106,
0x0803bb20,FUN_0803bb20,26,
0x0803bb40,FUN_0803bb40,316,
0x0803bc80,FUN_0803bc80,44,
0x0803bcb0,FUN_0803bcb0,54,
0x0803bcf0,FUN_0803bcf0,124,
0x0803bd70,FUN_0803bd70,128,
0x0803be00,FUN_0803be00,22,
0x0803be20,FUN_0803be20,46,
0x0803be70,FUN_0803be70,86,
0x0803bed0,FUN_0803bed0,246,
0x0803bfe0,FUN_0803bfe0,1710,
0x0803c6b0,FUN_0803c6b0,790,yes
0x0803ca40,FUN_0803ca40,164,yes
0x0803cb50,FUN_0803cb50,68,
0x0803cba0,FUN_0803cba0,64,
0x0803cbf0,FUN_0803cbf0,94,
0x0803cc60,FUN_0803cc60,26,
0x0803cc80,FUN_0803cc80,72,
0x0803ccd0,FUN_0803ccd0,32,
0x0803cd00,FUN_0803cd00,20,
0x0803cd20,FUN_0803cd20,22,
0x0803cd40,FUN_0803cd40,146,
0x0803cde0,FUN_0803cde0,22,
0x0803ce00,FUN_0803ce00,88,
0x0803ce60,FUN_0803ce60,16,
0x0803ce70,FUN_0803ce70,12,
0x0803ce80,FUN_0803ce80,12,
0x0803ce90,FUN_0803ce90,26,
0x0803ceb0,FUN_0803ceb0,24,
0x0803ced0,FUN_0803ced0,8,
0x0803cee0,FUN_0803cee0,218,
0x0803d010,FUN_0803d010,82,
0x0803d070,FUN_0803d070,20,
0x0803d090,FUN_0803d090,64,
0x0803d0d0,FUN_0803d0d0,126,
0x0803d160,FUN_0803d160,14,
0x0803d180,FUN_0803d180,6,
0x0803d190,thunk_FUN_0803d160,4,
0x0803d1a0,FUN_0803d1a0,6,
0x0803d1b0,FUN_0803d1b0,18,yes
0x0803d1d0,FUN_0803d1d0,12,yes
0x0803d1e0,FUN_0803d1e0,6,yes
0x0803d1f0,FUN_0803d1f0,58,yes
0x0803d230,FUN_0803d230,36,yes
0x0803d260,FUN_0803d260,112,yes
0x0803d2e0,FUN_0803d2e0,58,
0x0803d320,FUN_0803d320,58,yes
0x0803d360,FUN_0803d360,54,
0x0803d3a0,FUN_0803d3a0,20,
0x0803d3c0,FUN_0803d3c0,20,
0x0803d3e0,FUN_0803d3e0,20,
0x0803d400,FUN_0803d400,20,
0x0803d420,FUN_0803d420,20,
0x0803d440,FUN_0803d440,48,
0x0803d480,FUN_0803d480,12,
0x0803d490,FUN_0803d490,46,
0x0803d4c0,FUN_0803d4c0,388,
0x0803d680,FUN_0803d680,136,
0x0803d720,FUN_0803d720,4,
0x0803d730,FUN_0803d730,22,
0x0803d750,FUN_0803d750,22,
0x0803d770,FUN_0803d770,110,
0x0803d7f0,FUN_0803d7f0,126,
0x0803d880,FUN_0803d880,122,
0x0803d910,FUN_0803d910,98,
0x0803d980,FUN_0803d980,80,
0x0803d9d0,FUN_0803d9d0,14,
0x0803d9e0,FUN_0803d9e0,18,
0x0803da00,FUN_0803da00,14,
0x0803da10,FUN_0803da10,18,
0x0803da30,FUN_0803da30,32,
0x0803da50,FUN_0803da50,32,
0x0803da70,FUN_0803da70,36,
0x0803daa0,FUN_0803daa0,20,
0x0803dac0,FUN_0803dac0,22,
0x0803dae0,FUN_0803dae0,22,
0x0803db00,FUN_0803db00,4,
0x0803db10,FUN_0803db10,20,
0x0803db30,FUN_0803db30,8,
0x0803db40,FUN_0803db40,14,
0x0803db50,FUN_0803db50,18,
0x0803db70,FUN_0803db70,18,
0x0803db90,FUN_0803db90,18,
0x0803dbb0,FUN_0803dbb0,58,
0x0803dbf0,FUN_0803dbf0,6,yes
0x0803dc00,FUN_0803dc00,6,yes
0x0803dc10,FUN_0803dc10,6,yes
0x0803dc20,FUN_0803dc20,10,yes
0x0803dc30,FUN_0803dc30,10,
0x0803dc40,FUN_0803dc40,354,
0x0803ddf0,FUN_0803ddf0,134,
0x0803de80,FUN_0803de80,14,
0x0803de90,FUN_0803de90,126,
0x0803df20,FUN_0803df20,60,
0x0803df60,FUN_0803df60,60,
0x0803dfa0,FUN_0803dfa0,52,
0x0803dfe0,FUN_0803dfe0,80,
0x0803e0a0,FUN_0803e0a0,72,
0x0803e0f0,FUN_0803e0f0,198,
0x0803e1e0,FUN_0803e1e0,138,
0x0803e280,FUN_0803e280,180,
0x0803e340,FUN_0803e340,180,
0x0803e400,FUN_0803e400,180,
0x0803e4c0,thunk_FUN_0803f1c0,4,
0x0803e4d0,FUN_0803e4d0,242,
0x0803e5e0,FUN_0803e5e0,184,
0x0803e6a0,FUN_0803e6a0,240,
0x0803e7b0,FUN_0803e7b0,812,
0x0803eb10,FUN_0803eb10,44,
0x0803eb40,FUN_0803eb40,166,
0x0803ebf0,FUN_0803ebf0,388,
0x0803ed80,FUN_0803ed80,508,
0x0803efc0,FUN_0803efc0,434,
0x0803f1c0,FUN_0803f1c0,298,
0x0803f310,FUN_0803f310,422,
0x0803f500,FUN_0803f500,282,
0x0803f620,FUN_0803f620,446,
0x0803f820,FUN_0803f820,1386,
0x0803fe20,FUN_0803fe20,604,
0x080400c0,FUN_080400c0,6,
0x080400d0,FUN_080400d0,226,
0x080401e0,FUN_080401e0,1614,
0x08040850,FUN_08040850,114,
0x080408e0,FUN_080408e0,4,
0x080408f0,FUN_080408f0,6,
0x08040900,FUN_08040900,26,
0x08040920,FUN_08040920,6,
0x08040930,FUN_08040930,180,
0x080409f0,FUN_080409f0,26,
0x08040a00,FUN_08040a00,8,
0x08040a10,FUN_08040a10,12,
0x08040a20,FUN_08040a20,94,
0x08040a80,FUN_08040a80,6,
0x08040a90,FUN_08040a90,10,
0x08040aa0,FUN_08040aa0,10,
0x08040ab0,FUN_08040ab0,1366,yes
0x08041030,FUN_08041030,214,yes
0x08041110,FUN_08041110,160,
0x080411b0,FUN_080411b0,8,yes
0x080411c0,FUN_080411c0,8,yes
0x080411d0,FUN_080411d0,12,
0x08041220,FUN_08041220,80,
0x08041290,FUN_08041290,186,
0x08041350,FUN_08041350,122,
0x080413d0,FUN_080413d0,102,
0x08041440,FUN_08041440,56,
0x08041480,FUN_08041480,3538,
0x08042420,FUN_08042420,6,
0x08042450,FUN_08042450,162,
0x08042510,FUN_08042510,118,
0x080426a0,FUN_080426a0,4,
0x080426b0,FUN_080426b0,282,
0x080426d0,FUN_080426d0,306,
0x08042820,FUN_08042820,3204,yes
0x08044360,FUN_08044360,416,
0x08045a30,FUN_08045a30,110,yes
0x08045aa0,FUN_08045aa0,28,yes
0x08045ac0,FUN_08045ac0,284,
0x08045be0,FUN_08045be0,3686,
0x08046ad0,FUN_08046ad0,146,yes
0x08046b70,FUN_08046b70,508,yes
0x08046d80,FUN_08046d80,162,
0x08046e30,FUN_08046e30,1330,
0x08047370,FUN_08047370,48,
0x080473a0,FUN_080473a0,416,
0x08047550,FUN_08047550,22,
0x08047580,FUN_08047580,8,
0x08047590,FUN_08047590,4,yes
0x080475c0,FUN_080475c0,60,
0x08047640,FUN_08047640,76,
0x08047690,FUN_08047690,18,
0x080476b0,FUN_080476b0,138,
0x08047740,FUN_08047740,154,
0x080477e0,FUN_080477e0,64,
0x08047820,FUN_08047820,96,
0x08047880,FUN_08047880,18,
0x080478a0,FUN_080478a0,322,
0x080479f0,FUN_080479f0,154,
0x08047a90,FUN_08047a90,210,
0x08047b70,FUN_08047b70,58,
0x08047bb0,FUN_08047bb0,310,
0x08047cf0,FUN_08047cf0,90,
0x08047d50,FUN_08047d50,194,
0x08047e20,FUN_08047e20,186,
0x08047ee0,FUN_08047ee0,92,
0x08047f40,FUN_08047f40,70,
0x08047f90,FUN_08047f90,100,
0x08048000,FUN_08048000,12,
0x08048010,FUN_08048010,984,yes
0x080483f0,FUN_080483f0,96,
0x08048460,FUN_08048460,134,
0x080484f0,FUN_080484f0,58,
0x08048540,FUN_08048540,376,
0x080486c0,thunk_FUN_08048540,4,
0x080486d0,FUN_080486d0,430,
0x08048890,thunk_FUN_080486d0,4,
0x080488a0,FUN_080488a0,248,yes
0x080489a0,FUN_080489a0,128,
0x08048a20,FUN_08048a20,58,
0x08048a60,FUN_08048a60,124,
0x08048ae0,FUN_08048ae0,118,
0x08048ee2,FUN_08048ee2,8,
0x0804ff5c,FUN_0804ff5c,78,
0x080505a6,FUN_080505a6,4,
